SK_ID_CURR,NAME_CONTRACT_TYPE,CODE_GENDER,FLAG_OWN_CAR,FLAG_OWN_REALTY,CNT_CHILDREN,AMT_INCOME_TOTAL,AMT_CREDIT,AMT_ANNUITY,AMT_GOODS_PRICE,NAME_TYPE_SUITE,NAME_INCOME_TYPE,NAME_EDUCATION_TYPE,NAME_FAMILY_STATUS,NAME_HOUSING_TYPE,REGION_POPULATION_RELATIVE,DAYS_BIRTH,DAYS_EMPLOYED,DAYS_REGISTRATION,DAYS_ID_PUBLISH,OWN_CAR_AGE,FLAG_MOBIL,FLAG_EMP_PHONE,FLAG_WORK_PHONE,FLAG_CONT_MOBILE,FLAG_PHONE,FLAG_EMAIL,OCCUPATION_TYPE,CNT_FAM_MEMBERS,REGION_RATING_CLIENT,REGION_RATING_CLIENT_W_CITY,WEEKDAY_APPR_PROCESS_START,HOUR_APPR_PROCESS_START,REG_REGION_NOT_LIVE_REGION,REG_REGION_NOT_WORK_REGION,LIVE_REGION_NOT_WORK_REGION,REG_CITY_NOT_LIVE_CITY,REG_CITY_NOT_WORK_CITY,LIVE_CITY_NOT_WORK_CITY,ORGANIZATION_TYPE,EXT_SOURCE_1,EXT_SOURCE_2,EXT_SOURCE_3,APARTMENTS_AVG,BASEMENTAREA_AVG,YEARS_BEGINEXPLUATATION_AVG,YEARS_BUILD_AVG,COMMONAREA_AVG,ELEVATORS_AVG,ENTRANCES_AVG,FLOORSMAX_AVG,FLOORSMIN_AVG,LANDAREA_AVG,LIVINGAPARTMENTS_AVG,LIVINGAREA_AVG,NONLIVINGAPARTMENTS_AVG,NONLIVINGAREA_AVG,APARTMENTS_MODE,BASEMENTAREA_MODE,YEARS_BEGINEXPLUATATION_MODE,YEARS_BUILD_MODE,COMMONAREA_MODE,ELEVATORS_MODE,ENTRANCES_MODE,FLOORSMAX_MODE,FLOORSMIN_MODE,LANDAREA_MODE,LIVINGAPARTMENTS_MODE,LIVINGAREA_MODE,NONLIVINGAPARTMENTS_MODE,NONLIVINGAREA_MODE,APARTMENTS_MEDI,BASEMENTAREA_MEDI,YEARS_BEGINEXPLUATATION_MEDI,YEARS_BUILD_MEDI,COMMONAREA_MEDI,ELEVATORS_MEDI,ENTRANCES_MEDI,FLOORSMAX_MEDI,FLOORSMIN_MEDI,LANDAREA_MEDI,LIVINGAPARTMENTS_MEDI,LIVINGAREA_MEDI,NONLIVINGAPARTMENTS_MEDI,NONLIVINGAREA_MEDI,FONDKAPREMONT_MODE,HOUSETYPE_MODE,TOTALAREA_MODE,WALLSMATERIAL_MODE,EMERGENCYSTATE_MODE,OBS_30_CNT_SOCIAL_CIRCLE,DEF_30_CNT_SOCIAL_CIRCLE,OBS_60_CNT_SOCIAL_CIRCLE,DEF_60_CNT_SOCIAL_CIRCLE,DAYS_LAST_PHONE_CHANGE,FLAG_DOCUMENT_2,FLAG_DOCUMENT_3,FLAG_DOCUMENT_4,FLAG_DOCUMENT_5,FLAG_DOCUMENT_6,FLAG_DOCUMENT_7,FLAG_DOCUMENT_8,FLAG_DOCUMENT_9,FLAG_DOCUMENT_10,FLAG_DOCUMENT_11,FLAG_DOCUMENT_12,FLAG_DOCUMENT_13,FLAG_DOCUMENT_14,FLAG_DOCUMENT_15,FLAG_DOCUMENT_16,FLAG_DOCUMENT_17,FLAG_DOCUMENT_18,FLAG_DOCUMENT_19,FLAG_DOCUMENT_20,FLAG_DOCUMENT_21,AMT_REQ_CREDIT_BUREAU_HOUR,AMT_REQ_CREDIT_BUREAU_DAY,AMT_REQ_CREDIT_BUREAU_WEEK,AMT_REQ_CREDIT_BUREAU_MON,AMT_REQ_CREDIT_BUREAU_QRT,AMT_REQ_CREDIT_BUREAU_YEAR
200001,Cash loans,F,Y,N,0,81000.0,219843.0,14989.5,198175.5,Group of people,Commercial associate,Secondary / secondary special,Single / not married,House / apartment,0.026392,-23554,-10159,-4427,-5251,4.0,1,1,0,1,1,0,Managers,1.0,1,1,SUNDAY,5,0,0,0,0,0,0,Self-employed,0.930393,0.624101,0.52834,,,,,,,,,,,,,,,,,,,,,,,,,,,,,,,,,,,,,,,,,,,,,,,,1.0,0.0,1.0,0.0,-3589,0,0,0,0,0,0,0,0,0,0,0,0,0,0,0,0,0,0,0,0,0.0,0.0,1.0,0.0,0.0,1.0
200002,Cash loans,M,N,N,0,202500.0,846441.0,54918.0,760590.0,Children,State servant,Higher education,Single / not married,With parents,0.003122,-21883,-7243,-11813,-947,,1,1,1,1,1,0,Drivers,1.0,1,1,THURSDAY,7,0,0,0,0,0,1,Medicine,,0.723794,,,,,,,,,,,,,,,,,,,,,,,,,,,,,,,,,,,,,,,,,,,,,,,,,0.0,0.0,0.0,0.0,-2079,0,0,0,0,0,0,0,0,0,0,0,0,0,0,0,0,0,0,0,0,0.0,0.0,0.0,1.0,0.0,3.0
200003,Cash loans,F,N,Y,2,202500.0,679896.0,38218.5,646785.0,Group of people,Working,Higher education,Married,With parents,0.007274,-15465,-10513,-8650,-4978,,1,1,1,1,0,1,Managers,4.0,1,1,SATURDAY,9,0,0,0,0,1,1,Construction,,0.678655,0.474724,,,,,,,,,,,,,,,,,,,,,,,,,,,,,,,,,,,,,,,,,,,,,,,,3.0,0.0,3.0,0.0,-1849,0,1,0,0,0,0,0,0,0,0,0,0,0,0,0,0,0,0,0,0,0.0,0.0,0.0,0.0,0.0,0.0
200004,Cash loans,F,Y,Y,0,202500.0,248823.0,9297.0,232830.0,Other_A,Pensioner,Secondary / secondary special,Widow,With parents,0.010032,-24661,365243,-1969,-4675,21.0,1,0,0,1,0,1,,1.0,2,2,MONDAY,11,0,1,0,0,1,1,XNA,0.566587,0.60428,0.409478,0.1575,0.095841,0.941589,0.819168,0.121599,0.059421,0.100035,0.510143,,0.18557,,0.057137,,0,0.158197,0.096188,0.946783,0.777085,0.120143,0.06393,0.105759,0.49141,,0.192549,,0.05863,,0,0.155703,0.093088,0.948749,0.79104,0.116924,0.062986,0.099768,0.492544,,0.182746,,0.057461,,0,,block of flats,0.099222,Mixed,No,2.0,0.0,1.0,0.0,-1068,0,1,0,0,1,0,0,0,0,0,0,0,0,0,0,0,0,0,0,0,0.0,0.0,0.0,1.0,1.0,0.0
200005,Cash loans,M,Y,N,0,405000.0,2001888.0,119803.5,1565577.0,Unaccompanied,State servant,Secondary / secondary special,Widow,House / apartment,0.005002,-17939,-2338,-12168,-4541,34.0,1,1,0,1,1,0,Cleaning staff,1.0,1,1,TUESDAY,16,0,0,0,0,0,1,Medicine,0.50543,0.714697,0.368109,,,,,,,,,,,,,,,,,,,,,,,,,,,,,,,,,,,,,,,,,,,,,,,,2.0,0.0,1.0,0.0,-1028,0,1,0,0,0,0,0,0,0,0,0,0,0,0,0,0,0,0,0,0,0.0,0.0,0.0,0.0,1.0,0.0
200006,Cash loans,M,N,N,3,67500.0,429822.0,51102.0,347629.5,Unaccompanied,Commercial associate,Incomplete higher,Widow,Municipal apartment,0.035792,-8555,-819,-10873,-1029,,1,1,1,1,1,1,Security staff,4.0,3,3,WEDNESDAY,11,1,1,0,0,0,1,Trade: type 7,,0.213552,0.02,0.13328,0.202523,1,0.384204,0.066281,0,0.20304,0.511495,0.484324,0.092065,0.23808,0.321917,0,0,0.128766,0.21013,0.975897,0.360839,0.062825,0,0.212931,0.518676,0.491165,0.090415,0.229583,0.3419,0,0,0.12678,0.213004,0.971984,0.389015,0.063197,0,0.205817,0.509142,0.492547,0.090163,0.231652,0.326203,0,0,not specified,block of flats,0.132889,Mixed,No,2.0,2.0,1.0,1.0,-178,0,1,0,0,0,0,0,0,0,0,0,0,0,0,0,0,0,0,0,0,0.0,0.0,0.0,2.0,2.0,4.0
200007,Cash loans,M,Y,Y,1,202500.0,619641.0,26982.0,543595.5,Group of people,State servant,Secondary / secondary special,Married,With parents,0.02461,-24708,-3480,-6552,-2007,18.0,1,1,0,1,0,0,Security staff,3.0,1,1,TUESDAY,7,0,1,0,0,1,0,Business Entity Type 3,0.762007,0.738817,,,,,,,,,,,,,,,,,,,,,,,,,,,,,,,,,,,,,,,,,,,,,,,,,0.0,0.0,0.0,0.0,-3474,0,1,0,0,0,0,0,0,0,0,0,0,0,0,0,0,0,0,0,0,0.0,0.0,0.0,0.0,0.0,3.0
200008,Cash loans,F,Y,N,2,405000.0,1930108.5,123084.0,1765633.5,Other_A,State servant,Secondary / secondary special,Civil marriage,House / apartment,0.010032,-24057,-8005,-1129,-5348,30.0,1,1,0,1,0,0,Managers,4.0,2,2,SUNDAY,5,0,1,0,0,0,0,Government,0.737729,0.944131,0.783441,0.312518,0.018355,0.941966,0.586108,0.028367,0,0.103716,0.339556,,0.104962,,0.155861,0,,0.307407,0.017707,0.948878,0.599301,0.028161,0,0.106217,0.344487,,0.106445,,0.151466,0,,0.315396,0.017958,0.925525,0.587935,0.028312,0,0.101416,0.328697,,0.102132,,0.14909,0,,org spec account,block of flats,0.251044,Panel,No,1.0,0.0,1.0,0.0,-468,0,0,0,0,0,0,0,0,0,0,0,0,0,0,0,0,0,0,0,0,0.0,0.0,1.0,0.0,0.0,2.0
200009,Cash loans,F,Y,N,0,90000.0,454945.5,30078.0,426757.5,,Working,Secondary / secondary special,Civil marriage,House / apartment,0.031329,-19564,-5796,-10843,-3044,37.0,1,1,0,1,1,0,Security staff,2.0,2,2,SUNDAY,12,0,0,0,0,0,0,Industry: type 3,0.826496,0.528798,,,,,,,,,,,,,,,,,,,,,,,,,,,,,,,,,,,,,,,,,,,,,,,,,4.0,0.0,3.0,0.0,-1783,0,0,0,0,0,0,0,0,0,0,0,0,0,0,0,0,0,0,0,0,0.0,0.0,0.0,1.0,1.0,0.0
200010,Cash loans,M,N,Y,0,315000.0,926824.5,42390.0,871978.5,Children,Working,Higher education,Separated,House / apartment,0.003122,-23489,-5269,-7832,-943,,1,1,0,1,1,0,Sales staff,1.0,2,2,FRIDAY,15,0,1,0,0,0,0,Government,0.896809,0.634712,0.835019,0.303924,0.155267,0.961476,0.357277,0.169634,0,0.136033,0.338709,0.327192,,,0.169624,0.000669,,0.301118,0.149565,0.966302,0.363871,0.166353,0,0.137726,0.339288,0.346008,,,0.173407,0.000678,,0.298845,0.150486,0.942531,0.347256,0.164018,0,0.13541,0.345947,0.334723,,,0.175799,0.000669,,not specified,block of flats,0.40076,Mixed,No,0.0,0.0,0.0,0.0,-348,0,1,0,0,0,0,0,0,0,0,0,0,0,0,0,0,0,0,0,0,0.0,0.0,0.0,0.0,1.0,2.0
200011,Cash loans,M,Y,Y,0,315000.0,945648.0,65632.5,829710.0,Family,Commercial associate,Higher education,Single / not married,With parents,0.018209,-16419,-5703,-7443,-592,39.0,1,1,0,1,1,1,Cleaning staff,1.0,1,1,SATURDAY,17,0,0,0,0,0,0,XNA,,0.783605,0.7696,,,,,,,,,,,,,,,,,,,,,,,,,,,,,,,,,,,,,,,,,,,,,,,,0.0,1.0,0.0,0.0,-610,0,1,0,0,0,0,1,0,0,0,0,0,0,0,0,0,0,0,0,0,0.0,0.0,0.0,0.0,0.0,3.0
200012,Cash loans,M,N,N,1,202500.0,704056.5,28143.0,593869.5,Group of people,State servant,Higher education,Widow,House / apartment,0.007274,-18184,-5682,-7146,-5209,,1,1,1,1,0,0,Low-skill Laborers,2.0,1,1,THURSDAY,10,0,0,0,0,1,0,Government,0.476646,0.560944,0.656709,,,,,,,,,,,,,,,,,,,,,,,,,,,,,,,,,,,,,,,,,,,,,,,,4.0,0.0,4.0,0.0,-2841,0,1,0,0,0,0,0,0,0,0,0,0,0,0,0,0,0,0,0,0,0.0,0.0,0.0,0.0,1.0,2.0
200013,Cash loans,M,N,Y,2,67500.0,165919.5,12244.5,141219.0,,State servant,Higher education,Married,House / apartment,0.031329,-23958,-718,-256,-5927,,1,1,0,1,1,1,Core staff,4.0,1,1,MONDAY,12,0,0,0,0,0,1,Trade: type 7,,0.516776,0.363846,0.252481,0.02774,0.97723,0.736598,0.042672,0,0.207036,0.214621,,0.021103,0.113297,0.253642,0.006117,0.052655,0.246048,0.027399,0.980352,0.721767,0.043373,0,0.206729,0.202444,,0.020569,0.113933,0.248921,0.00618,0.050705,0.24239,0.026048,1,0.737803,0.042155,0,0.199346,0.212378,,0.020843,0.118236,0.245632,0.006239,0.052193,reg oper spec account,block of flats,0.337335,"Stone, brick",No,1.0,0.0,0.0,0.0,-3488,0,1,0,0,0,0,0,0,0,0,0,0,0,0,0,0,0,0,0,0,0.0,0.0,0.0,1.0,1.0,2.0
200014,Cash loans,F,Y,Y,2,360000.0,1321141.5,82408.5,1098724.5,,Pensioner,Higher education,Married,House / apartment,0.035792,-22451,365243,-12003,-1085,5.0,1,0,0,1,1,0,,4.0,1,1,SATURDAY,11,0,0,0,0,0,0,XNA,0.633239,0.82565,0.826818,0.138631,0.03248,0.949321,0.703241,0.140891,0.103747,0.139433,0.331282,,,0.223645,0.094614,,0,0.133081,0.031982,0.955508,0.7106,0.143507,0.107086,0.135641,0.346044,,,0.231096,0.09041,,0,0.136317,0.032652,0.940816,0.712549,0.142616,0.106356,0.135541,0.341269,,,0.230162,0.090983,,0,,block of flats,0.153422,"Stone, brick",No,0.0,0.0,0.0,0.0,-2174,0,1,0,0,0,0,0,0,0,0,0,0,0,0,0,0,0,0,0,0,0.0,0.0,1.0,0.0,0.0,0.0
200015,Cash loans,F,N,N,3,270000.0,2025000.0,183784.5,1937785.5,Other_A,Working,Lower secondary,Widow,With parents,0.04622,-11347,-204,-10415,-3812,,1,1,1,1,1,0,Core staff,4.0,3,3,MONDAY,5,0,1,0,1,0,0,XNA,0.307993,0.170565,0.062252,,,,,,,,,,,,,,,,,,,,,,,,,,,,,,,,,,,,,,,,,,,,,,,,17.0,1.0,17.0,1.0,-464,0,0,0,0,0,0,1,0,0,0,0,0,0,0,0,0,0,0,0,0,0.0,1.0,2.0,1.0,3.0,3.0
200016,Cash loans,F,N,N,3,202500.0,1360426.5,90877.5,1345918.5,Family,Unemployed,Incomplete higher,Single / not married,House / apartment,0.003122,-13675,-282,-3995,-1040,,1,1,0,1,0,1,Managers,4.0,3,3,FRIDAY,8,0,1,0,1,0,1,Government,,0.174471,0.02,,,,,,,,,,,,,,,,,,,,,,,,,,,,,,,,,,,,,,,,,,,,,,,,4.0,1.0,4.0,0.0,-256,0,1,0,0,0,0,0,0,0,0,0,0,0,0,0,0,0,0,0,0,0.0,0.0,0.0,1.0,0.0,3.0
200017,Cash loans,F,Y,Y,2,202500.0,457947.0,23737.5,369967.5,,Working,Higher education,Civil marriage,House / apartment,0.04622,-16480,-12916,-8037,-5844,30.0,1,1,1,1,0,0,Low-skill Laborers,4.0,2,2,FRIDAY,7,0,0,0,0,0,0,XNA,,0.594573,0.709952,,,,,,,,,,,,,,,,,,,,,,,,,,,,,,,,,,,,,,,,,,,,,,,,3.0,0.0,2.0,0.0,-1560,0,1,0,0,0,0,0,0,0,0,0,0,0,0,0,0,0,0,0,0,0.0,0.0,1.0,1.0,0.0,3.0
200018,Cash loans,F,Y,Y,2,81000.0,134271.0,9414.0,124069.5,,State servant,Secondary / secondary special,Single / not married,House / apartment,0.02461,-20854,-12510,-12204,-3061,27.0,1,1,0,1,0,1,Accountants,3.0,2,2,FRIDAY,10,0,1,0,0,0,0,Construction,0.615924,0.497857,0.762488,,,,,,,,,,,,,,,,,,,,,,,,,,,,,,,,,,,,,,,,,,,,,,,,4.0,0.0,3.0,0.0,-3555,0,0,0,0,0,0,0,0,0,0,0,0,0,0,0,0,0,0,0,0,0.0,0.0,1.0,0.0,0.0,2.0
200019,Cash loans,F,Y,N,0,202500.0,1454931.0,133155.0,1184373.0,Unaccompanied,Working,Lower secondary,Civil marriage,Rented apartment,0.035792,-9332,-418,-11629,-5253,23.0,1,1,1,1,1,0,Security staff,2.0,2,2,MONDAY,10,0,1,1,0,0,1,Self-employed,0.405253,0.02,0.07038,0.255019,0.066104,0.986327,0.341101,,0.062873,0.274644,0.041447,0.042057,0.020048,,0.129813,0.014817,,0.244366,0.065861,0.980433,0.356483,,0.065191,0.271671,0.040768,0.043316,0.019468,,0.129695,0.015329,,0.252723,0.069413,0.950369,0.343089,,0.065037,0.274369,0.040463,0.041809,0.019751,,0.13346,0.015001,,org spec account,block of flats,0.227057,Panel,No,17.0,1.0,17.0,1.0,-603,0,0,0,0,0,0,0,0,0,0,0,0,0,0,0,0,0,0,0,0,1.0,1.0,0.0,3.0,2.0,3.0
200020,Revolving loans,M,Y,N,0,315000.0,1175863.5,50274.0,1054435.5,Other_A,Commercial associate,Higher education,Single / not married,With parents,0.020713,-18692,-6452,-7210,-568,15.0,1,1,1,1,1,1,Drivers,1.0,2,2,SUNDAY,9,0,1,0,0,0,0,XNA,,0.466157,,,,,,,,,,,,,,,,,,,,,,,,,,,,,,,,,,,,,,,,,,,,,,,,,0.0,0.0,0.0,0.0,-1891,0,1,0,0,0,0,0,0,0,0,0,0,0,0,0,0,0,0,0,0,0.0,0.0,0.0,0.0,0.0,3.0
200021,Cash loans,M,Y,N,0,225000.0,1993945.5,197050.5,1930468.5,Family,Working,Incomplete higher,Separated,Rented apartment,0.007274,-8843,-533,-2967,-5684,35.0,1,1,0,1,1,0,Security staff,1.0,3,3,WEDNESDAY,15,1,0,1,0,1,1,School,0.384604,0.448881,0.470549,0.089266,0.096944,0.943663,0.67117,,0,0.14009,0.495678,0.503802,0.077049,,0.029264,,,0.089579,0.098554,0.995873,0.688576,,0,0.140534,0.507417,0.501056,0.07531,,0.029535,,,0.089472,0.095248,0.946681,0.663799,,0,0.137749,0.489062,0.485503,0.071923,,0.030536,,,reg oper account,specific housing,0.110077,Mixed,No,1.0,3.0,0.0,3.0,-316,0,1,0,0,0,0,0,0,0,0,0,0,0,0,0,0,0,0,0,0,1.0,0.0,1.0,3.0,3.0,8.0
200022,Cash loans,F,N,Y,1,202500.0,904680.0,36670.5,865125.0,"Spouse, partner",Pensioner,Secondary / secondary special,Widow,House / apartment,0.003122,-22832,365243,-8229,-3072,,1,0,0,1,1,0,,2.0,1,1,WEDNESDAY,8,0,0,0,0,0,0,XNA,0.817271,0.800397,,,,,,,,,,,,,,,,,,,,,,,,,,,,,,,,,,,,,,,,,,,,,,,,,1.0,1.0,0.0,0.0,-1373,0,1,0,0,0,0,0,0,0,0,0,0,0,0,0,0,0,0,0,0,0.0,0.0,0.0,0.0,0.0,1.0
200023,Cash loans,F,N,Y,1,315000.0,2025000.0,132210.0,1779354.0,,Working,Lower secondary,Single / not married,House / apartment,0.04622,-9753,-79,-9426,-1990,,1,1,0,1,1,0,Laborers,2.0,3,3,FRIDAY,10,0,1,0,1,0,1,Self-employed,0.208461,0.166826,0.20284,,,,,,,,,,,,,,,,,,,,,,,,,,,,,,,,,,,,,,,,,,,,,,,,3.0,2.0,2.0,1.0,-519,0,1,0,0,0,0,0,0,0,0,0,0,0,0,0,0,0,0,0,0,0.0,0.0,2.0,0.0,3.0,8.0
200024,Cash loans,F,Y,N,1,121500.0,1033483.5,108837.0,884515.5,Family,Working,Secondary / secondary special,Married,With parents,0.003122,-8191,-850,-5085,-4231,21.0,1,1,1,1,1,0,Laborers,3.0,3,3,SUNDAY,15,0,1,1,0,0,1,Medicine,,0.038184,0.02,,,,,,,,,,,,,,,,,,,,,,,,,,,,,,,,,,,,,,,,,,,,,,,,2.0,1.0,2.0,1.0,-447,0,1,0,0,0,0,0,0,0,0,0,0,0,0,0,0,0,0,0,0,1.0,1.0,2.0,3.0,2.0,3.0
200025,Cash loans,F,N,Y,1,121500.0,1111027.5,121171.5,993528.0,Family,Working,Secondary / secondary special,Widow,With parents,0.026392,-13518,-140,-5917,-4547,,1,1,1,1,1,1,Core staff,2.0,3,3,FRIDAY,19,0,0,1,1,1,1,XNA,,0.098759,0.241571,0.311962,0.076734,0.989548,0.525783,0.177888,0.067975,0.142851,0.164993,0.170208,0.113546,0.238759,0.320614,,0,0.29905,0.075164,1,0.52293,0.17481,0.067345,0.135272,0.163503,0.165983,0.117361,0.234111,0.334021,,0,0.29595,0.079752,0.995077,0.53965,0.17563,0.064805,0.139907,0.171308,0.164294,0.111501,0.229907,0.324342,,0,reg oper spec account,specific housing,0.356324,"Stone, brick",No,7.0,1.0,7.0,1.0,-843,0,1,0,0,0,0,0,0,0,0,0,0,0,0,0,0,0,0,0,0,0.0,0.0,1.0,0.0,3.0,6.0
200026,Cash loans,M,Y,Y,0,90000.0,388894.5,16443.0,358078.5,Group of people,Working,Higher education,Civil marriage,With parents,0.031329,-19027,-7788,-8239,-5259,7.0,1,1,0,1,0,0,,2.0,2,2,FRIDAY,16,0,1,0,0,0,1,Business Entity Type 3,,0.497509,0.395966,,,,,,,,,,,,,,,,,,,,,,,,,,,,,,,,,,,,,,,,,,,,,,,,0.0,0.0,0.0,0.0,-186,0,0,0,0,0,0,0,0,0,0,0,0,0,0,0,0,0,0,0,0,0.0,0.0,1.0,1.0,0.0,1.0
200027,Cash loans,M,Y,Y,1,135000.0,178353.0,10134.0,173997.0,,Commercial associate,Higher education,Separated,With parents,0.031329,-24144,-8612,-5233,-1989,25.0,1,1,1,1,0,0,Medicine staff,2.0,2,2,TUESDAY,7,0,0,0,0,0,0,Trade: type 7,,0.374488,,,,,,,,,,,,,,,,,,,,,,,,,,,,,,,,,,,,,,,,,,,,,,,,,0.0,0.0,0.0,0.0,-1016,0,0,0,0,0,0,0,0,0,0,0,0,0,0,0,0,0,0,0,0,0.0,0.0,0.0,0.0,1.0,2.0
200028,Cash loans,F,N,Y,0,157500.0,483093.0,26518.5,470241.0,Group of people,Working,Higher education,Single / not married,House / apartment,0.020713,-14623,-7142,-6568,-428,,1,1,0,1,1,1,Drivers,1.0,2,2,MONDAY,11,0,1,0,0,0,1,Medicine,,0.743466,0.480499,,,,,,,,,,,,,,,,,,,,,,,,,,,,,,,,,,,,,,,,,,,,,,,,2.0,0.0,1.0,0.0,-2502,0,1,0,0,0,0,0,0,0,0,0,0,0,0,0,0,0,0,0,0,0.0,0.0,0.0,0.0,0.0,0.0
200029,Cash loans,M,Y,N,0,180000.0,759573.0,42052.5,625729.5,,State servant,Higher education,Civil marriage,With parents,0.035792,-18768,-1359,-7785,-145,2.0,1,1,1,1,1,1,Sales staff,2.0,2,2,THURSDAY,14,0,0,0,0,1,1,Business Entity Type 3,0.662938,0.921145,,,,,,,,,,,,,,,,,,,,,,,,,,,,,,,,,,,,,,,,,,,,,,,,,1.0,0.0,0.0,0.0,-1087,0,1,0,0,0,0,0,0,0,0,0,0,0,0,0,0,0,0,0,0,0.0,0.0,1.0,1.0,1.0,3.0
200030,Revolving loans,M,Y,N,0,90000.0,653751.0,70344.0,613651.5,Group of people,Working,Secondary / secondary special,Widow,With parents,0.031329,-13611,-211,-9194,-2671,15.0,1,1,1,1,1,0,Core staff,1.0,3,3,THURSDAY,19,1,1,1,1,1,1,School,,0.50472,,,,,,,,,,,,,,,,,,,,,,,,,,,,,,,,,,,,,,,,,,,,,,,,,6.0,1.0,6.0,1.0,-571,0,0,0,0,0,0,0,0,0,0,0,0,0,0,0,0,0,0,0,0,0.0,0.0,1.0,2.0,1.0,6.0
200031,Cash loans,M,N,Y,3,157500.0,1014201.0,110290.5,999409.5,Unaccompanied,Unemployed,Incomplete higher,Separated,With parents,0.010032,-11705,-354,-10979,-4359,,1,1,0,1,0,0,Sales staff,4.0,3,3,THURSDAY,10,1,1,0,0,0,0,XNA,0.328961,0.217503,0.266671,,,,,,,,,,,,,,,,,,,,,,,,,,,,,,,,,,,,,,,,,,,,,,,,7.0,1.0,7.0,1.0,-668,0,1,0,0,0,0,0,0,0,0,0,0,0,0,0,0,0,0,0,0,1.0,0.0,0.0,2.0,2.0,4.0
200032,Cash loans,M,N,N,1,225000.0,1687144.5,176764.5,1514605.5,Group of people,Working,Incomplete higher,Married,Rented apartment,0.007274,-9018,-239,-7673,-2244,,1,1,0,1,0,0,Core staff,3.0,3,3,SATURDAY,12,1,1,0,0,0,1,Medicine,0.241287,0.11437,0.358688,,,,,,,,,,,,,,,,,,,,,,,,,,,,,,,,,,,,,,,,,,,,,,,,0.0,1.0,0.0,0.0,-775,0,1,0,0,0,0,0,0,0,0,0,0,0,0,0,0,0,0,0,0,0.0,0.0,2.0,3.0,2.0,7.0
200033,Cash loans,F,N,N,1,90000.0,847251.0,98680.5,749853.0,Unaccompanied,Working,Secondary / secondary special,Separated,Rented apartment,0.020713,-9483,-327,-1049,-4442,,1,1,0,1,0,0,Laborers,2.0,3,3,WEDNESDAY,11,0,0,1,1,1,1,Industry: type 3,0.214488,0.427876,,0.11313,0.091346,1,0.93307,,0.292667,0.104193,0.170532,,0.135494,,0.062585,0.029579,,0.114548,0.086425,1,0.943381,,0.28163,0.103703,0.162226,,0.139052,,0.062154,0.030341,,0.112772,0.089112,1,0.909939,,0.278248,0.100355,0.165572,,0.135909,,0.062738,0.030323,,org spec account,specific housing,0.068439,Block,No,3.0,0.0,3.0,0.0,-82,0,0,0,0,0,0,0,0,0,0,0,0,0,0,0,0,0,0,0,0,0.0,1.0,1.0,0.0,1.0,8.0
200034,Cash loans,F,Y,Y,3,270000.0,2025000.0,215842.5,1951411.5,Unaccompanied,Unemployed,Secondary / secondary special,Widow,House / apartment,0.026392,-9796,-534,-11015,-5770,34.0,1,1,0,1,0,1,Laborers,4.0,3,3,THURSDAY,12,0,0,0,0,0,1,School,,0.107488,,,,,,,,,,,,,,,,,,,,,,,,,,,,,,,,,,,,,,,,,,,,,,,,,0.0,2.0,0.0,1.0,-326,0,1,0,0,0,0,0,0,0,0,0,0,0,0,0,0,0,0,0,0,0.0,0.0,1.0,1.0,1.0,7.0
200035,Cash loans,F,N,Y,0,180000.0,849393.0,50998.5,832869.0,"Spouse, partner",Commercial associate,Secondary / secondary special,Civil marriage,House / apartment,0.003122,-12332,-9807,-6766,-3421,,1,1,0,1,1,0,Drivers,2.0,1,1,TUESDAY,10,0,1,0,0,0,0,Construction,0.871944,0.874426,0.735315,,,,,,,,,,,,,,,,,,,,,,,,,,,,,,,,,,,,,,,,,,,,,,,,1.0,1.0,1.0,0.0,-2967,0,1,0,0,0,0,0,0,0,0,0,0,0,0,0,0,0,0,0,0,0.0,0.0,0.0,0.0,0.0,1.0
200036,Cash loans,M,N,N,2,360000.0,1851151.5,180148.5,1771596.0,Children,Commercial associate,Lower secondary,Civil marriage,Municipal apartment,0.018209,-8528,-550,-5897,-4209,,1,1,1,1,1,0,Medicine staff,4.0,3,3,SUNDAY,18,0,0,1,0,1,1,Business Entity Type 3,,0.573244,,,,,,,,,,,,,,,,,,,,,,,,,,,,,,,,,,,,,,,,,,,,,,,,,10.0,1.0,9.0,1.0,-759,0,1,0,0,0,0,0,0,0,0,0,0,0,0,0,0,0,0,0,0,0.0,0.0,1.0,3.0,2.0,6.0
200037,Cash loans,F,N,Y,3,135000.0,1009530.0,96192.0,842008.5,Children,Unemployed,Secondary / secondary special,Separated,With parents,0.005002,-10947,-323,-2479,-83,,1,1,0,1,1,0,Laborers,4.0,3,3,FRIDAY,15,1,1,1,0,0,0,XNA,0.02,0.178017,0.29581,,,,,,,,,,,,,,,,,,,,,,,,,,,,,,,,,,,,,,,,,,,,,,,,0.0,3.0,0.0,3.0,-12,0,0,0,0,0,0,0,0,0,0,0,0,0,0,0,0,0,0,0,0,0.0,1.0,1.0,2.0,0.0,3.0
200038,Cash loans,F,N,Y,1,315000.0,603877.5,33804.0,592992.0,Children,Working,Higher education,Civil marriage,With parents,0.026392,-20833,-3844,-10437,-86,,1,1,0,1,0,0,Security staff,3.0,2,2,SATURDAY,17,0,0,0,0,1,0,XNA,,0.899063,0.752567,,,,,,,,,,,,,,,,,,,,,,,,,,,,,,,,,,,,,,,,,,,,,,,,0.0,0.0,0.0,0.0,-865,0,1,0,0,0,0,1,0,0,0,0,0,0,0,0,0,0,0,0,0,0.0,0.0,1.0,1.0,0.0,0.0
200039,Cash loans,F,Y,N,0,225000.0,1079379.0,39199.5,975730.5,Group of people,Commercial associate,Higher education,Separated,House / apartment,0.005002,-12633,-956,-3808,-631,37.0,1,1,1,1,1,0,Laborers,1.0,2,2,SATURDAY,9,0,0,0,0,0,0,Construction,,0.730389,0.778597,,,,,,,,,,,,,,,,,,,,,,,,,,,,,,,,,,,,,,,,,,,,,,,,3.0,0.0,2.0,0.0,-1768,0,0,0,0,0,0,0,0,0,0,0,0,0,0,0,0,0,0,0,0,0.0,0.0,0.0,1.0,1.0,3.0
200040,Cash loans,M,Y,Y,3,315000.0,1876869.0,149656.5,1494310.5,Unaccompanied,Working,Secondary / secondary special,Civil marriage,Municipal apartment,0.031329,-11362,-788,-9785,-4908,9.0,1,1,1,1,1,0,Drivers,5.0,2,2,THURSDAY,11,0,0,0,1,1,0,Government,,0.25979,0.104942,,,,,,,,,,,,,,,,,,,,,,,,,,,,,,,,,,,,,,,,,,,,,,,,2.0,2.0,2.0,2.0,-274,0,1,0,0,0,0,0,0,0,0,0,0,0,0,0,0,0,0,0,0,1.0,0.0,0.0,1.0,3.0,6.0
200041,Cash loans,M,Y,Y,0,225000.0,1119798.0,61402.5,1051038.0,Family,Commercial associate,Higher education,Separated,House / apartment,0.018209,-22255,-2452,-10374,-4031,19.0,1,1,0,1,1,0,Drivers,1.0,2,2,SUNDAY,17,0,0,0,0,0,0,School,0.628615,0.508546,0.70377,,,,,,,,,,,,,,,,,,,,,,,,,,,,,,,,,,,,,,,,,,,,,,,,0.0,0.0,0.0,0.0,-736,0,0,0,0,0,0,0,0,0,0,0,0,0,0,0,0,0,0,0,0,0.0,0.0,1.0,1.0,0.0,2.0
200042,Cash loans,F,N,N,1,157500.0,1346485.5,92641.5,1296508.5,Group of people,Working,Incomplete higher,Civil marriage,House / apartment,0.005002,-10347,-749,-10779,-5454,,1,1,1,1,0,1,Cleaning staff,3.0,3,3,MONDAY,14,1,1,1,0,1,0,Business Entity Type 3,0.02,0.084377,,,,,,,,,,,,,,,,,,,,,,,,,,,,,,,,,,,,,,,,,,,,,,,,,6.0,3.0,6.0,3.0,-227,0,0,0,0,0,0,0,0,0,0,0,0,0,0,0,0,0,0,0,0,0.0,0.0,1.0,3.0,3.0,7.0
200043,Cash loans,M,Y,Y,1,180000.0,563593.5,40477.5,476235.0,Other_A,Pensioner,Secondary / secondary special,Civil marriage,With parents,0.02461,-22846,365243,-3048,-3995,22.0,1,0,0,1,0,0,,3.0,2,2,WEDNESDAY,7,0,0,0,0,0,0,XNA,,0.473561,0.497141,0.282137,0.0258,1,0.755162,0.121198,0.359915,0.067426,0.32739,,0.039005,,0.373053,,0,0.291331,0.025393,0.980963,0.739846,0.118121,0.37989,0.068942,0.345723,,0.037807,,0.361177,,0,0.275734,0.025019,0.988267,0.738357,0.123578,0.383785,0.071311,0.335704,,0.038908,,0.358977,,0,reg oper account,block of flats,0.255677,"Stone, brick",No,2.0,0.0,1.0,0.0,-3545,0,1,0,0,1,0,0,0,0,0,0,0,0,0,0,0,0,0,0,0,0.0,0.0,0.0,0.0,0.0,0.0
200044,Cash loans,M,Y,Y,1,180000.0,510574.5,32373.0,453483.0,"Spouse, partner",Working,Secondary / secondary special,Married,With parents,0.005002,-23959,-2054,-10406,-5449,14.0,1,1,1,1,0,1,Security staff,3.0,2,2,TUESDAY,11,0,0,0,0,0,0,Construction,0.587415,0.622539,0.702984,0.187907,0.222141,0.991336,0.850656,,0,0.034302,0.378485,0.383545,0.187196,0.076246,0.174623,0,0,0.187268,0.22635,0.96036,0.831586,,0,0.03454,0.387005,0.384455,0.177292,0.075916,0.172422,0,0,0.194771,0.221509,0.947864,0.803377,,0,0.033803,0.385307,0.371781,0.177388,0.075216,0.175425,0,0,reg oper account,block of flats,0.194775,Block,No,3.0,0.0,3.0,0.0,-2241,0,1,0,0,0,0,0,0,0,0,0,0,0,0,0,0,0,0,0,0,0.0,0.0,1.0,0.0,1.0,0.0
200045,Cash loans,F,N,N,0,405000.0,1841458.5,132912.0,1442934.0,Children,Working,Higher education,Separated,With parents,0.003122,-12167,-7930,-8113,-3170,,1,1,0,1,0,0,,1.0,2,2,FRIDAY,6,0,1,0,0,0,0,Construction,0.654494,0.64381,,0.237892,0.142506,0.931883,0.719683,0.133876,0,0.272977,0.04103,,,0.019302,0.2048,0,0,0.237575,0.137831,0.957361,0.750698,0.127167,0,0.269567,0.042528,,,0.020139,0.201647,0,0,0.241688,0.138649,0.923821,0.757823,0.129126,0,0.282325,0.040859,,,0.01971,0.195766,0,0,org spec account,specific housing,0.14558,Block,No,0.0,0.0,0.0,0.0,-3525,0,0,0,0,0,0,0,0,0,0,0,0,0,0,0,0,0,0,0,0,0.0,0.0,1.0,0.0,0.0,2.0
200046,Cash loans,F,N,Y,1,315000.0,463090.5,16947.0,387922.5,Group of people,Pensioner,Higher education,Widow,With parents,0.010032,-21929,365243,-4010,-715,,1,0,1,1,0,0,,2.0,1,1,FRIDAY,14,0,0,0,0,0,1,XNA,0.639553,0.862275,0.81344,,,,,,,,,,,,,,,,,,,,,,,,,,,,,,,,,,,,,,,,,,,,,,,,3.0,0.0,2.0,0.0,-3033,0,0,0,0,1,0,1,0,0,0,0,0,0,0,0,0,0,0,0,0,0.0,0.0,0.0,0.0,0.0,1.0
200047,Cash loans,M,N,N,0,121500.0,526333.5,21937.5,494001.0,Family,Pensioner,Higher education,Married,House / apartment,0.018209,-22317,365243,-9407,-5531,,1,0,0,1,0,1,,2.0,2,2,FRIDAY,5,0,0,0,0,0,0,XNA,0.635111,0.516815,0.577725,,,,,,,,,,,,,,,,,,,,,,,,,,,,,,,,,,,,,,,,,,,,,,,,0.0,1.0,0.0,1.0,-1490,0,1,0,0,0,0,0,0,0,0,0,0,0,0,0,0,0,0,0,0,0.0,0.0,0.0,0.0,0.0,3.0
200048,Cash loans,F,Y,Y,0,270000.0,1313122.5,89343.0,1116661.5,Family,State servant,Higher education,Single / not married,House / apartment,0.020713,-20648,-6808,-1983,-4399,32.0,1,1,1,1,0,0,Drivers,1.0,2,2,THURSDAY,9,0,0,0,0,0,0,Medicine,0.662422,0.574778,0.706703,0.076304,0.126292,0.93432,0.744083,,0,0.275724,0.321565,,0.173958,,0.014203,0,0,0.076591,0.124234,0.980395,0.73474,,0,0.266738,0.322516,,0.162401,,0.014324,0,0,0.073845,0.128644,0.944573,0.728118,,0,0.28254,0.338652,,0.170456,,0.013763,0,0,reg oper spec account,block of flats,0.090856,Mixed,No,1.0,0.0,0.0,0.0,-2471,0,1,0,0,0,0,1,0,0,0,0,0,0,0,0,0,0,0,0,0,0.0,0.0,0.0,0.0,0.0,3.0
200049,Cash loans,M,N,N,0,180000.0,703570.5,52506.0,589054.5,"Spouse, partner",Working,Secondary / secondary special,Married,House / apartment,0.005002,-16551,-7325,-10767,-1984,,1,1,1,1,0,0,Cleaning staff,2.0,1,1,SUNDAY,17,0,0,0,0,0,0,Government,0.494436,0.658581,0.665392,0.228177,0.140639,0.9417,0.520577,0.142465,0,0.268995,0.204631,,0.183507,,0.049051,0,,0.217929,0.139506,0.971644,0.515138,0.141156,0,0.267893,0.203292,,0.183525,,0.051053,0,,0.22783,0.145176,1,0.524628,0.144646,0,0.275562,0.215177,,0.17808,,0.050493,0,,org spec account,specific housing,0.172449,Block,No,0.0,0.0,0.0,0.0,-1302,0,0,0,0,0,0,1,0,0,0,0,0,0,0,0,0,0,0,0,0,0.0,0.0,1.0,1.0,0.0,3.0
200050,Cash loans,F,N,Y,1,202500.0,1508413.5,113665.5,1363432.5,Family,Working,Incomplete higher,Separated,With parents,0.005002,-12314,-615,-5983,-603,,1,1,1,1,1,1,Sales staff,2.0,3,3,WEDNESDAY,9,0,0,0,0,1,1,Construction,,0.045281,0.044642,,,,,,,,,,,,,,,,,,,,,,,,,,,,,,,,,,,,,,,,,,,,,,,,3.0,1.0,3.0,0.0,-575,0,0,0,0,0,0,0,0,0,0,0,0,0,0,0,0,0,0,0,0,0.0,0.0,0.0,3.0,2.0,5.0
